Customer_Segment_Recomputed,mae,rmse,count
New,724.9491472354372,1060.2982796859237,354
Regular,599.3010958372581,785.71990049075,41
VIP,215.21383358834618,274.41224172040984,5
