Preferred_Shopping_Channel,mae,rmse,count
Both,900.1973466111084,1292.846430051872,71
In-Store,595.4267080809823,894.794607647245,131
Online,708.9116255081652,1005.3070757697769,198
